{
  "providers": [
    {
      "_comment": "Logo for Menu",
      "type": "bitmap",
      "file": "ssrp:server/logo.png",
      "ascent": 40,
      "height": 100,
      "chars": ["\u1A00"]
    },
    {
      "_comment": "Logo for TAB (Resize)",
      "type": "bitmap",
      "file": "ssrp:server/logo.png",
      "ascent": 70,
      "height": 150,
      "chars": ["\u1A01"]
    },
    {
      "type": "bitmap",
      "file": "ssrp:ranks/admin.png",
      "ascent": 8,
      "height": 8,
      "chars": ["\u1A10"]
    },
    {
      "type": "bitmap",
      "file": "ssrp:ranks/pro.png",
      "ascent": 8,
      "height": 8,
      "chars": ["\u1A11"]
    },
    {
      "type": "bitmap",
      "file": "ssrp:ranks/vip.png",
      "ascent": 8,
      "height": 8,
      "chars": ["\u1A12"]
    },
    {
      "type": "bitmap",
      "file": "ssrp:ranks/player.png",
      "ascent": 8,
      "height": 8,
      "chars": ["\u1A13"]
    },
    {
      "type": "bitmap",
      "file": "ssrp:coin.png",
      "ascent": 7,
      "height": 7,
      "chars": ["\u00A5", "\u0024", "\u20AC", "\u00A3", "\u20BD", "\u20B8"]
    },
    {
      "type": "bitmap",
      "file": "ssrp:ruby.png",
      "ascent": 7,
      "height": 7,
      "chars": ["\u24C5"]
    }
  ]
}
